seed,condition,n_actions,block_rate,false_positive_rate,escalation_rate,harmful_executed
1,baseline,1317,0.0,0.0,0.0,206
1,guard_unattended,1317,0.8107,0.3222,0.2999,39
1,guard_oracle_human,1317,0.8107,0.0,0.2999,39
1,guard_noisy_human,1317,0.7767,0.0324,0.2999,46
2,baseline,1332,0.0,0.0,0.0,224
2,guard_unattended,1332,0.8036,0.3096,0.2905,44
2,guard_oracle_human,1332,0.8036,0.0,0.2905,44
2,guard_noisy_human,1332,0.7857,0.0325,0.2905,48
3,baseline,1346,0.0,0.0,0.0,236
3,guard_unattended,1346,0.839,0.3153,0.2897,38
3,guard_oracle_human,1346,0.839,0.0,0.2897,38
3,guard_noisy_human,1346,0.8008,0.0315,0.2897,47
4,baseline,1336,0.0,0.0,0.0,218
4,guard_unattended,1336,0.8532,0.3095,0.2844,32
4,guard_oracle_human,1336,0.8532,0.0,0.2844,32
4,guard_noisy_human,1336,0.844,0.0313,0.2844,34
5,baseline,1355,0.0,0.0,0.0,233
5,guard_unattended,1355,0.824,0.3102,0.2863,41
5,guard_oracle_human,1355,0.824,0.0,0.2863,41
5,guard_noisy_human,1355,0.7983,0.033,0.2863,47
6,baseline,1335,0.0,0.0,0.0,223
6,guard_unattended,1335,0.8161,0.3103,0.2831,41
6,guard_oracle_human,1335,0.8161,0.0,0.2831,41
6,guard_noisy_human,1335,0.8027,0.036,0.2831,44
7,baseline,1383,0.0,0.0,0.0,250
7,guard_unattended,1383,0.788,0.2957,0.2697,53
7,guard_oracle_human,1383,0.788,0.0,0.2697,53
7,guard_noisy_human,1383,0.76,0.0212,0.2697,60
8,baseline,1373,0.0,0.0,0.0,234
8,guard_unattended,1373,0.7692,0.2985,0.2666,54
8,guard_oracle_human,1373,0.7692,0.0,0.2666,54
8,guard_noisy_human,1373,0.7564,0.0404,0.2666,57
9,baseline,1359,0.0,0.0,0.0,246
9,guard_unattended,1359,0.8293,0.2992,0.2767,42
9,guard_oracle_human,1359,0.8293,0.0,0.2767,42
9,guard_noisy_human,1359,0.7886,0.0305,0.2767,52
10,baseline,1337,0.0,0.0,0.0,231
10,guard_unattended,1337,0.7879,0.3192,0.2909,49
10,guard_oracle_human,1337,0.7879,0.0,0.2909,49
10,guard_noisy_human,1337,0.7706,0.0325,0.2909,53
